{
  "pensamentos": [
    {
      "id": 1,
      "conteudo": "We are the champions my friends!!!",
      "autoria": "Queen",
      "modelo": "modelo1"
    },
    {
      "id": 2,
      "conteudo": "Na minha máquina funciona!",
      "autoria": "Dev da madrugada",
      "modelo": "modelo2"
    },
    {
      "id": 3,
      "conteudo": "Continue a codar... continue a codar...",
      "autoria": "Dory programadora",
      "modelo": "modelo3"
    },
    {
      "conteudo": "Testando função de editar",
      "autoria": "Angular ",
      "modelo": "modelo2",
      "id": 4
    }
  ]
}